"payer_key","rule_key","num_value","label_th","effective_from","effective_to","source_doc","source_ref","verified"
"UC","room_cap","1200","เพดานค่าห้อง/ค่าอาหารต่อวัน (บาท)","2025-10-01","","ค่าจำลอง — รอเอกสาร D5","D5","0"
"OFC","room_cap","2000","เพดานค่าห้อง/ค่าอาหารต่อวัน (บาท)","2025-10-01","","ค่าจำลอง — รอเอกสาร D6","D6","0"
"SSS","room_cap","1500","เพดานค่าห้อง/ค่าอาหารต่อวัน (บาท)","2025-10-01","","ค่าจำลอง — รอเอกสาร D7","D7","0"
"LGO","room_cap","2000","เพดานค่าห้อง/ค่าอาหารต่อวัน (บาท)","2025-10-01","","ค่าจำลอง — รอเอกสาร D6","D6","0"
"UC","submit_days","30","กรอบวันส่งเบิกนับจากวันจำหน่าย","2025-10-01","","ค่าจำลอง — รอเอกสาร D5","D5","0"
"OFC","submit_days","30","กรอบวันส่งเบิกนับจากวันจำหน่าย","2025-10-01","","ค่าจำลอง — รอเอกสาร D6","D6","0"
"SSS","submit_days","30","กรอบวันส่งเบิกนับจากวันจำหน่าย","2025-10-01","","ค่าจำลอง — รอเอกสาร D7","D7","0"
"LGO","submit_days","30","กรอบวันส่งเบิกนับจากวันจำหน่าย","2025-10-01","","ค่าจำลอง — รอเอกสาร D6","D6","0"
"EMS","ucep_hours","72","ช่วงเวลาที่ใช้สิทธิ UCEP ได้ (ชั่วโมง)","2025-10-01","","ค่าจำลอง — รอเอกสาร D8","D8","0"
